patient_id,first_name,last_name,date_of_birth,username,password
1,Jack,Moore,1954-05-19,user1,bNcFiUXa
2,Olivia,Young,1962-03-04,user2,FCWn6HNT
3,Frank,Brown,1953-06-17,user3,FkfHBxHu
4,Alice,Smith,1987-11-02,user4,ElsCFwJb
5,Vincent,Martin,1969-04-12,user5,zaCno46u
6,Jack,Anderson,2001-12-18,user6,ibDiH19y
7,Willow,Johnson,1954-05-17,user7,flfKodhe
8,Henry,Young,1983-08-24,user8,39zbSXky
9,Mia,Thomas,1963-12-24,user9,724PUag5
10,Noah,White,1970-03-07,user10,1qbPEgQS
11,Ivy,Martinez,1976-08-30,user11,Fwd5woMt
12,Liam,Moore,1977-09-22,user12,e8fKkCyC
13,Liam,White,1958-08-27,user13,CzP03Gzj
14,Thomas,White,1954-06-05,user14,KRSP9IuV
